Nama Tanaman,Nama Ilmiah,Tahap Menanam,Detail Kegiatan,gambar,source
Padi,Oryza sativa,Tahap 1: menanam padi,"1. Belilah bibit padi dari toko penyuplai bahan berkebun atau bertani. 
Ada lima tipe dasar padi yang dapat dipilih, yaitu biji padi berbentuk panjang, biji padi berukuran sedang, biji padi berbentuk pendek, biji padi manis, dan biji padi beraroma. Jenis padi yang dipilih tergantung pada kebutuhan dan preferensi, serta dapat dibeli dari toko penyuplai atau dengan bantuan petugas lapangan pertanian lokal. Ada juga jenis padi khusus seperti Arborio yang digunakan untuk masakan Italia seperti risotto.   ",,https://id.wikihow.com/Menanam-Padi
,,,"2. Pilihlah lokasi Anda untuk bercocok tanam. 
Untuk bercocok tanam padi, pastikan tanah mengandung asam yang sedikit dan terdapat sumber air yang jelas dengan jalan untuk mengeringkan air saat panen. Pilih lokasi yang mendapatkan cahaya matahari penuh dengan suhu minimal 70° Fahrenheit (sekitar 21° Celcius). Pertimbangkan musim, karena padi membutuhkan musim panas yang panjang untuk tumbuh. Jika tempat tidak memiliki musim panas yang panjang, sebaiknya menanam padi di dalam ruangan. Bibit padi dapat juga ditanam pada keranjang plastik dengan jenis tanah yang sama.",,
,,,"3. Kumpulkan 1 atau 2 ons (28.5 sampai 56.5 g) bibit padi untuk ditanam. Rendam bibit di dalam air untuk menyiapkan penanamannya. Biarkan terendam selama 12 jam namun tidak lebih dari 36 jam. Pisahkan bibit dari air setelahnya. 
Ketika bibit padi sedang terendam, perlu membuat rencana menanamnya dengan mempertimbangkan pembuatan barisan dan parit untuk menjaga air tetap tersimpan dan terbendung. Beberapa orang mengatakan bahwa area bercocok tanam tidak perlu terus terendam air, tetapi hanya perlu menjaga kondisinya selalu dalam kondisi basah. Selain itu, penting juga untuk mempertimbangkan cara menyiangi bibit dan memudahkan pemberian air.",,
,,,"4. Tanamlah bibit padi ke dalam tanah, selama musim gugur atau musim semi. 
Untuk menanam bibit padi, perlu menghilangkan rumput liar, menyediakan kebun yang rata, dan menyiapkan tanah yang basah. Jika menggunakan keranjang, isilah setidaknya 6 inchi (15cm) tanah basah dan tambahkan bibit padi. Pastikan tempat menanam terendam air, dan jika menanam di luar ruangan, menggunakan beberapa kebun bibit akan lebih mudah untuk dikelola dan dipertahankan. Jika menanam di musim gugur, pastikan memangkas rumput liar ketika musim semi datang dan memberikan bibit padi seluruh nutrisi dan tempat yang dibutuhkan.",,
,,,,,
,,Tahap 2: pemeliharaan bibit,"1. Isilah keranjang atau petak kebun dengan setidaknya 2 inci (5.1 cm) air. Bagaimanapun, hal ini hanya rekomendasi lama. Kebanyakan orang mengatakan menjaga tanah tetap lembab sudah cukup dan tidak perlu tanah tersebut sampai terendam air. Bagian ini sangat bergantung pada Anda; pastikan lahan ini basah. 
Untuk menambahkan nutrisi pada bibit padi, perlu menambahkan pupuk kompos atau campuran jerami dan dedaunan ke dalam tanah yang melapisi selapis tipis bibit padi. Hal ini akan memadatkan bibit padi masuk ke dalam tanah. Pupuk kompos yang terbuat dari bahan organik lebih lembab, sehingga cocok untuk daerah dengan iklim kering.",,
,,,"2. Amati banyaknya air pada area bercocok tanam, jagalah tanah agar tetap basah. 
Untuk menumbuhkan bibit padi, pastikan air tetap setinggi 2 inch atau tanah tetap basah. Jika bibit padi ditanam dalam keranjang, pertimbangkan untuk memindahkannya ke daerah yang lebih hangat pada malam hari. Perusahaan komersial yang memproduksi beras terkadang merendam bibit padi hingga mencapai 8 inch. Tambahkan air jika tanaman sudah setinggi 7 inci.",,
,,,"3. Minimalkan bibit padi atau perluas area bercocok tanam untuk mencegah tanaman yang berdesakan.  
Untuk hasil terbaik, beri jarak antar bibit sekitar 4 inci atau pada baris dengan jarak 9 hingga 12 inci. Biarkan bibit tumbuh setinggi 7 inci selama sekitar satu bulan. Beberapa orang memilih untuk memulai menanam di tempat pembibitan dan transplantasikan ketika tanaman sudah setinggi 5-7 inci. Sebaiknya tanaman ditanam pada tempat pembibitan yang berlumpur.",,
,,,"4. Tunggulah sampai benih tumbuh dewasa. 
Padi akan mencapai ketinggian hingga 17 inch dalam waktu 3-4 bulan. Biarkan air mengering atau keringkan air sebelum memanen. Setelah 2 minggu, padi akan berubah menjadi keemasan dan siap untuk dipanen. Jika menanam padi, dapat mengeringkan tanah ketika tanaman sudah setinggi 15 inch, rendam kembali, kemudian keringkan lagi sebelum melanjutkan proses memanen.",,
,,Tahap 3: panen,"1. Potonglah batangnya dan biarkan mengering. 
Setelah padi berubah menjadi kuning sekitar 2 minggu setelah pengeringan air, potong batang padi tepat di atas kepala bibit. Biarkan padi mengering selama 2-3 minggu dan bungkus dengan kertas koran untuk dikeringkan sepenuhnya di tempat yang kering dan terkena sinar matahari. Padi yang lembab harus dikeringkan sepenuhnya untuk mendapatkan buliran padi yang bersih.",,
,,,"2. Panggang mereka pada suhu 180°F (82°C) selama satu jam. 
Ambil bagian kepala padi dan panggang dalam oven. Jangan memanggang terlalu panas agar buliran padi tidak terbakar. Selama proses, padi akan berubah menjadi lebih gelap atau kecoklatan.",,
,,,"3. Pisahkan biji padi dari kulitnya.  
Dinginkan padi setelah dipanggang dan gosok dengan tangan atau tumbuk untuk memisahkan biji dari kulitnya. Sekarang Anda dapat melihat biji padi yang siap dimasak dan dikonsumsi. Meskipun sedikit membosankan, teknologi modern dapat membantu dalam proses ini. Bersabarlah dan Anda akan menghasilkan simpanan makanan yang luar biasa yang diproduksi sendiri. ",,
,,,,,
jagung,Zea mays,Tahap 1: Memilih Jenis Jagung,"1. Lakukan riset pada area di mana Anda berniat menanam jagung. 
Penting untuk mengetahui iklim dan jenis tanah untuk menyiapkan setiap jenis jagung yang berbeda. Beberapa jenis jagung membutuhkan tanah yang lebih hangat/dingin dengan tingkat PH tanah yang berbeda.",,
,,,"2. Ketahui cara menanam jagung manis (sweet corn) 
Jagung manis adalah varietas jagung yang biasanya dimakan sebagai rebusan atau sudah berupa jagung kaleng. Ada tiga jenis jagung manis yaitu jagung manis standar, jagung manis dengan kadar gula tinggi, dan jagung manis super. Jagung manis standar lebih ringan dan harus dikonsumsi atau dikalengkan segera setelah dipanen. Jagung manis dengan kadar gula tinggi hasil modifikasi genetika untuk menambah rasa manis dan empuk biji jagung. Jagung manis super adalah varietas paling manis dengan ukuran biji yang lebih kecil dan akan mengerut bila kering.",,
,,,"3. Pelajari tentang dent corn (jagung gigi kuda).  
Jagung jenis dent corn bukanlah jenis yang ditanam untuk dikonsumsi mentah. Jagung ini terutama digunakan sebagai pakan hewan atau untuk makanan olahan. Menanam jagung jenis dent corn bermanfaat untuk pertanian atau dijual ke pertanian lain.",,
,,,"4. Ketahui jenis flint corn (jagung mutiara). 
Flint corn atau Indian corn memiliki karakter keras dengan beberapa warna biji dan mirip dengan dent corn dalam penggunaannya. Namun, jenis ini tidak tumbuh di semua daratan dan biasanya digunakan untuk tujuan dekorasi.",,
,,,,,
,,Tahap 2: Menyiapkan Lahan/Kebun,"1. Ketahui kapan waktu tanam. 
Waktu tanam jagung tergantung pada daerah tempat tinggal. Jika tinggal di daerah dengan musim dingin, waktu terbaik untuk menanam adalah antara bulan Mei dan Juni. Jangan menanam terlalu dini karena biji jagung akan membusuk jika tanah masih terlalu dingin.",,
,,,"2. Pilih lokasi penanaman.  
Tanaman jagung membutuhkan sinar matahari penuh, oleh karena itu pilihlah bidang tanah di kebun yang terbuka. Usahakan memilih area yang relatif bebas dari gulma/rumput liar karena tanaman jagung akan sulit bersaing dalam mendapatkan nutrisi dari dalam tanah.",,
,,,3. Siapkan tanah. Jagung membutuhkan tanah yang kaya nitrogen dan pemupukan yang baik. Tanamlah jagung pada tanah yang telah ditumbuhi tanaman buncis atau kacang polong untuk memperkaya unsur nitrogen di dalam tanah. Pastikan tanah memiliki suhu sekitar 16 derajat Celsius dengan menutupi tanah menggunakan plastik hitam dan melubanginya untuk tempat masuknya biji jagung jika area tersebut tidak cukup hangat. Tambahkan kompos atau pupuk pada tanah dua sampai empat minggu sebelum penanaman untuk menyatukan pupuk dengan tanah.,,
,,,,,
,,Tahap 3: Menanam jagung,"1. Tanam biji jagung yang sudah disiapkan. 
Untuk setiap orang yang intensif mengonsumsi jagung, tanamlah 10 hingga 15 tanaman dengan jarak tanam sekitar 61-91,4 cm. Tanam biji jagung sekitar 2,5-5,1 cm di bawah permukaan tanah dan tanamlah 2-3 biji bersama-sama dalam setiap lubang. Penyerbukan jagung dibantu oleh angin, sehingga sebaiknya menanamnya dalam satu blok daripada dalam baris individu. Jika menanam beberapa varietas jagung, pastikan untuk menanam pada area yang terpisah untuk mengurangi risiko terjadinya penyerbukan silang.",,
,,,"2. Lakukan penyiraman.
Tanaman jagung membutuhkan sekitar 2,5 cm air per minggu. Penyiraman yang jarang dapat menghasilkan tongkol yang berlubang tanpa biji. Hindari penyiraman dari sisi atas tanaman untuk menghindari hanyutnya serbuk sari.",,
,,,"3. Basmi gulma di sekitar tanaman jagung yang masih muda.
Basmi gulma di sekitar tanaman jagung hingga tingginya mencapai sekitar lutut. Setelah itu, tanaman jagung seharusnya bisa melawan pertumbuhan gulma sendiri.
",,
,,,"4. Tunggu pertumbuhannya
Jika menanam jagung antara Mei atau Juni, pada awal Juli tanaman sudah setinggi lutut sekitar 30,5-45,7 cm. Tanaman jagung akan selesai tumbuh sekitar tiga minggu setelah berkembang rambut jagung atau ""jumbai"" di pucuknya yang kering seperti ekor sutra berwarna cokelat.",,
,,,"5. Panen.
jika jagung sudah berutumbuh maka bisa dipanen.",,
,,,,,
Tomat,Lycopersicon,Tahap 1: Mendapatkan Biji Tomat Terbaik,"1. Pelajari daerah tempat Anda tinggal.
Tomat membutuhkan kondisi lingkungan yang ideal untuk tumbuh. Beberapa jenis tomat hanya dapat tumbuh dengan baik di tempat asalnya. Lakukan riset mengenai jenis tomat yang cocok untuk lingkungan dan lokasi Anda dengan menghubungi dinas pertanian setempat. Ada kemungkinan jenis tomat hibrida unik yang dapat tumbuh dengan sempurna pada jenis tanah dan iklim di tempat Anda.",,https://id.wikihow.com/Menanam-Tomat-Dari-Biji
,,,"2. Pilihlah satu jenis tomat
Tomat adalah tanaman yang memiliki banyak jenis dengan warna, ukuran, dan rasa yang berbeda-beda. Ada dua jenis cara pertumbuhan pada tanaman tomat, yaitu determinate dan indeterminate. Beberapa jenis tomat yang populer antara lain ""Red globe"" atau ""beefsteak"", tomat plum atau roma, dan tomat ceri atau anggur. Warna buah tomat dapat mempengaruhi rasanya, dengan tomat merah yang memberikan rasa klasik, tomat ungu atau coklat yang lebih kaya dan hangat, tomat kuning dan jingga yang lebih manis, dan tomat hijau yang cocok untuk masakan gurih.",,
,,,"3. Pilihlah jenis biji yang sesuai.  
Anda dapat menanam tomat dari biji kering, biji segar, atau semaian biji yang dibeli dari toko berkebun. Biji yang dikeringkan atau segar memerlukan usaha lebih banyak, tetapi hasilnya bisa lebih menjanjikan. Menanam semaian biji adalah cara yang paling mudah. Anda perlu menyiapkan wadah atau pot yang cukup besar dan memiliki lubang.",,
,,,"4. Ketahui kapan Anda harus mulai menanam.
Untuk mendapatkan hasil terbaik dalam menanam tomat, Anda harus menanamnya pada waktu yang tepat setiap tahun. Tanaman tomat membutuhkan banyak sinar matahari, sehingga musim panas atau kemarau adalah waktu yang ideal untuk menanamnya. Anda sebaiknya mulai menanam tomat dua minggu setelah hujan berakhir atau dua minggu setelah hawa beku terakhir di negara empat musim. Jika Anda menyemai biji di dalam rumah, mulailah 6-8 minggu sebelum memindahkannya ke tanah. Anda dapat membeli termometer tanah untuk memeriksa suhu tanah di kebun Anda, sekitar 32 derajat Celsius adalah suhu yang ideal untuk menanam. Almanak petani sangat berguna untuk menentukan waktu yang tepat untuk menanam tomat, baik secara daring atau membeli yang sesuai untuk daerah Anda.",,
,,,,,
,,Tahap 2: mengerikan biji,"1. PIlihlah tomat yang baik
Biji dari tomat akan menghasilkan buah yang hampir identik dengan buah asalnya. Jika Anda ingin menanam tomat dari buah yang sangat lezat atau segar, potong dan simpanlah bijinya. Pastikan buah tomat dalam kondisi sehat, karena biji dari buah yang tidak sehat akan menghasilkan buah yang sama tidak sehatnya. Tunggu hingga buah tomat matang benar sebelum dipotong untuk disimpan.",,
,,,"2. Belah buah tomat tersebut. 
Untuk memotong buah tomat dan mengambil bijinya, gunakanlah pisau yang tajam untuk membelah buah tomat menjadi dua sepanjang garis tengahnya, sejajar dengan batang buahnya. Lakukan dengan alas talenan atau mangkuk agar Anda dapat dengan mudah menampung biji-biji dan air buahnya untuk disimpan.",,
,,,"3. Keluarkan bagian dalamnya dengan sendok. 
Gunakan sendok untuk mengeluarkan seluruh biji, air buah, dan daging buah tomat. Letakkan semuanya dalam sebuah mangkuk kecil atau cangkir.",,
,,,"4. Biarkan biji tomat terendam dalam sari tomat
Setelah Anda mengambil biji tomat, biji-biji tersebut perlu melalui proses fermentasi terlebih dahulu sebelum dikeringkan. Untuk melakukannya, Anda dapat meletakkan biji tomat di bawah sinar matahari dan membiarkannya terendam dalam sari tomat sendiri. Tutup wadah berisi biji dan daging tomat dengan plastik, dan buat beberapa lubang pada lapisan plastik agar udara bisa mengalir di dalam wadah. Tidak perlu menambahkan air ke biji dan daging tomat selama proses fermentasi.",,
,,,"5. Letakkan di bawah sinar matahari.
 Saat ini biji-biji tersebut memerlukan waktu untuk fermentasi. Letakkan wadah tertutup tadi di tempat yang hangat, paling baik di tepi jendela yang mendapatkan banyak sinar matahari. Letakkan di situ selama dua atau tiga hari.",,
,,,"6. Bilas biji-biji tersebut. 
Setelah beberapa hari, Anda akan melihat bahwa air dan daging buah telah membentuk endapan yang mengapung di atas air, dan biji-bijinya telah tenggelam ke dasar wadah. Saat ini sudah terjadi, buanglah endapan yang ada di bagian atas, lalu tuangkan biji-biji bersama air ke dalam saringan. Bilas dengan air hangat, dan pastikan semua biji benar-benar bersih.",,
,,,"7. Sterilkan biji tomat.

Mensterilkan biji tomat adalah langkah penting untuk membunuh penyakit dan bakteri yang mungkin tumbuh pada biji tersebut. Hal ini juga dapat membantu menguatkan tanaman sehingga dapat menghasilkan lebih banyak buah saat ditanam di luar. Rendam biji tomat dalam campuran 1 sendok makan (15 ml) cuka apel atau cairan pemutih dan 1 liter air selama 15 menit. Anda juga dapat mensterilkan biji tomat yang dibeli dari toko untuk memastikan bahwa biji tersebut bebas penyakit dan bakteri.",,
,,,"8. Keringkan biji-biji itu. 
Setelah dibilas, sedikit goncang-goncangkan saringan untuk sebisa mungin menghilangkan sisa air yang ada. Setelah itu taruh semua biji di atas baki yang telah dilapisi dengan saringan kopi atau kertas minyak. Letakkan di suatu tempat di mana baki tersebut tidak akan tersenggol atau terkena sinar matahari langsung, dengan suhu sekitar 21 derajat Celsius. Gunakan jari Anda untuk menggeser biji-biji tersebut sehari sekali, untuk mencegah mereka melekat satu sama lain atau lengket dengan kertas alasnya.",,
,,,"9. Periksa biji-biji tomat itu
Ketika semua biji telah kering sepenuhnya saat disentuh dan tidak lengket satu sama lain, mereka sudah siap digunakan. Berhati-hatilah untuk tidak terlalu dini mengakhiri pengeringan, karena jika biji-biji itu masih lembab, mereka dapat terkena lumut, jamur dan bakteri yang dapat merusak.",,
,,,"10. Simpan biji-biji tersebut
Setelah Anda selesai mengeringkannya, simpanlah biji-biji tersebut dalam amplop kertas sampai Anda akan menggunakannya. Jangan menyimpannya di dalam kantong atau wadah plastik, karena ia tidak memiliki ventilasi udara yang cukup dan cenderung menumbuhkan bakteri dan lumut pada biji-biji yang disimpan.
Pastikan untuk memberi label berisi jenis varietas tomat dan tahun penyimpanan setelah bijinya kering.",,
,,,,,
,,Tahap 3: menanam,"1. Tanamlah bijinya. 
Buatlah baris-baris di media tanam untuk menaruh biji. Setiap biji harus ditanam berjarak 5 cm dari biji yang lain. Tutupilah setiap biji dengan sedikit tanah media tanam yang dibuat meruncing ke atas, setelah itu sirami dengan sedikit air.
Jika Anda berencana untuk menanam lebih dari satu jenis biji, tanamlah masing-masing jenis dalam satu baris yang sama, dan berilah tanda pada setiap barisnya. Begitu biji mulai berkecambah, akan sangat sulit untuk membedakan masing-masing jenisnya.",,
,,,"2. Jaga pertumbuhan biji. 
Sirami baki tanam setiap hari, dan pastikan setiap biji memperoleh cahaya dan panas yang cukup. Taruhlah di tempat yang suhunya tidak akan turun hingga di bawah 21 derajat Celsius pada hari-hari yang paling dingin. Saat biji sudah berkecambah dan mulai membentuk daun sejati, ia sudah siap untuk dipindahkan. Biji-biji tersebut akan mulai memiliki calon daun pada usia satu minggu, tetapi mereka belum akan memiliki daun sejati hingga usia paling tidak satu bulan setelah berkecambah.",,
,,,"3. Persiapkan tanaman untuk ditanam di kebun. 
Sebelum menanam tanaman tomat di kebun, pastikan untuk mempersiapkan kondisinya terlebih dahulu. Jika tanaman tersebut tingginya lebih dari 15 cm, maka cabang paling bawah di sekeliling tanaman harus dipangkas menggunakan gunting taman. Namun, jika tingginya kurang dari 15 cm, tanaman tersebut siap untuk ditanam tanpa persiapan terlebih dahulu. Anda juga dapat memotong batang terpendek pada tanaman kecil agar dapat ditanam lebih dalam dan memperkuat sistem akarnya.",,
,,,"4. Pilih tempat yang tepat dikebun. 
Menemukan lokasi yang tepat di kebun atau pekarangan Anda untuk menanam tomat adalah langkah penting dari seluruh proses menanam. Tomat adalah tanaman yang butuh banyak sinar matahari yaitu 6-8 jam dalam sehari. Jika memungkinkan, pilihlah lokasi yang memiliki drainase bagus, karena air yang menggenang akan membuat tanaman tomat Anda menghasilkan buah yang kurang kuat pertumbuhannya, sekaligus memiliki rasa yang kurang tegas.",,
,,,"5. Buat lubang untuk menanam
Beri jarak antar lubang yang sesuai dengan bagaimana Anda akan menangani tanaman tersebut nantinya. Jika Anda berencana untuk memberikan kurungan atau tiang pada tanaman tomat, beri jarak 60-90 cm antar lubangnya. Jika Anda ingin supaya tanaman tomat merambat dia atas tanah, beri jarak yang lebih lebar yaitu 1,2 meter antar lubangnya. Gali lubang dengan kedalaman 20 cm sehingga seluruh gumpalan akar dan pangkal tanaman dapat tertanam.",,
,,,"6. Tambahkan unsur hara. 
Taburi dasar setiap lubang dengan satu sendok makan garam epsom untuk meningkatkan kadar magnesium, yang membantu pertumbuhan tanaman sehat. Pada tahap ini, Anda juga dapat menaburkan sedikit lebih banyak kompos.",,
,,,"7. Tanamlah tomat Anda
Pindahkan masing-masing tanaman tomat dari wadahnya ke dalam lubang yang sudah Anda buat. Tekan wadahnya untuk melepaskan tanah dan gumpalan akarnya, lalu keluarkan tanaman pelan-pelan dengan meletakkannya secara terbalik di atas tangan Anda. Masukkan masing-masing tanaman ke dalam lubang di tanah, tekan dengan mantap agar tidak ada gelembung udara. Urug dengan tanah hingga sedikit di bawah barisan cabang pertama.",,
,,,"8. Sirami tanaman Anda. 
Untuk menjaga kesehatan tanaman tomat, pastikan untuk menyiraminya setiap hari, tetapi jangan sampai terlalu banyak sehingga menggenang. Jika tanaman menerima lebih dari satu atau dua sendok makan air setiap hari, maka buah yang dihasilkan akan terasa berair dan encer. Jika Anda tidak memiliki waktu untuk menyiraminya secara rutin, pertimbangkan untuk memasang sistem penyiram atau sistem tetes air di kebun Anda. Anda dapat memasang alat atau slang penyiram otomatis untuk mempermudah perawatan tanaman.",,
,,,"9. Rawatlah tanaman tomat Anda.

Untuk menjaga kesehatan tanaman tomat, pastikan untuk memangkasnya secara berkala dan memanen buah yang dihasilkan. Gunakan gunting pangkas untuk memotong ranting kecil yang muncul dari percabangan ranting utama, serta ranting-ranting yang tersembunyi atau tertutup oleh bayang-bayang. Hal ini akan membantu tanaman tomat tumbuh lebih sehat dan menghasilkan buah yang lebih besar.",,
,,,"10. Panenlah tomat Anda.
panen tomat anda ketika sudah tumbuh dengan segar dan bagus",,
,,,,,
cabai,Capsicum frutescens,Tahap 1: Membuat Kecambah dari Biji Cabai,"1.Letakkan biji cabai di antara dua helai handuk kertas lembap. 
Basahi dua lembar handuk kertas. Tebarkan biji cabai pada salah satu handuk kertas dan tutup dengan helaian kedua di atasnya. Masukkan biji ke dalam kantong zip lock atau wadah plastik, lalu tutup rapat.",,https://id.wikihow.com/Menanam-Cabai-dari-Biji
,,,"2. Simpan biji di tempat hangat selama 2-5 hari. 
Pastikan suhu sekitar 23-30 °C agar biji bisa berkecambah. Taruh di tempat yang selalu hangat selama 2-5 hari sampai membengkak dan bertunas.",,
,,,"3. Siapkan nampan bibit dan isi dengan kompos atau tanah siap tanam.
 Tekan kompos sedalam 1-2 milimeter dan siram.",,
,,,"4. Sebarkan biji cabai di atas kompos atau tanah siap tanam sejauh masing-masing 5 cm.
Tutupi tipis-tipis dengan kompos. Pampatkan kompos dengan lembut dan semprotlah sedikit dengan air di dalam botol.",,
,,,"5. Tutupi biji cabai dengan plastik penutup 
hal ini untuk menahan panas dan kelembapan. Letakkan nampan di tempat hangat yang sama seperti sebelumnya.",,
,,,"6. Pantau pertumbuhan benih
Awasi benih dan pastikan kompos atau tanah siap tanam lembap, tetapi tidak becek. Biji akan mulai berkecambah setelah kira-kira dua minggu.",,
,,,,,
,,Tahap 2: pindah ke kebun,"1. Tanamlah cabai.
Pastikan juga untuk menyiram tanaman secara teratur dan memberikan pupuk yang cukup untuk mendukung pertumbuhannya. Jika ada hama atau penyakit yang menyerang tanaman, segera ambil tindakan untuk mengatasinya. Dengan perawatan yang tepat, cabai di kebun Anda akan tumbuh subur dan memberikan hasil panen yang melimpah.",,
,,,"2. Siram dan pupuki tanaman secara teratur.
Di daerah beriklim hangat dan terik, siramlah cabai setiap hari untuk menjaganya agar tetap terhidrasi. Jangan menyiram berlebihan. Pastikan tanah lembap, tetapi tidak becek. Pupuki tanaman dengan pupuk cair serbaguna (tersedia di toko tanaman) setiap dua minggu",,
,,,"3. Jaga agar tanaman tetap hangat.
Tanaman cabai hanya boleh dipindahkan ke luar ruangan di daerah beriklim hangat atau di tempat-tempat yang musim panasnya sangat lama. Untuk daerah bermusim panas lama, sebaiknya pindahkan cabai ke luar pada bulan Juni. Belilah sungkup atau kubah pelindung (penutup tanaman yang ditancapkan ke tanah di sekelilingnya) untuk melindungi tanaman dari cuaca dingin.",,
,,,,,
Bawang merah,Allium cepa,Tahap 1: Menyiapkan Penanaman,"1. Pilih jenis bawang merah yang ingin Anda tanam
Bawang merah memiliki tiga warna umum yaitu putih, kuning, dan merah/ungu. Ada dua jenis waktu tumbuh yaitu siang hari yang panjang dan siang hari yang pendek. Bawang merah siang hari yang panjang cocok untuk tumbuh di wilayah utara AS, sedangkan siang hari yang pendek cocok untuk wilayah selatan AS. Bawang kuning memiliki rasa yang sedikit manis, bawang putih memiliki rasa dan aroma yang lebih tajam, dan bawang merah sering dimakan segar.",,https://id.wikihow.com/Menanam-Bawang-Merah
,,,"2. Tentukan bagaimana Anda menanam bawang tersebut.
Bawang merah memiliki tiga warna umum yaitu putih, kuning, dan merah/ungu. Ada dua jenis waktu tumbuh yaitu siang hari yang panjang dan siang hari yang pendek. Bawang merah siang hari yang panjang cocok untuk tumbuh di wilayah utara AS, sedangkan siang hari yang pendek cocok untuk wilayah selatan AS. Bawang kuning memiliki rasa yang sedikit manis, bawang putih memiliki rasa dan aroma yang lebih tajam, dan bawang merah sering dimakan segar.",,
,,,"3. Ketahui kapan waktunya untuk menanam
Bawang juga membutuhkan tanah yang baik dan drainase yang baik. Tanah yang subur dan kaya akan nutrisi bisa membantu bawang tumbuh dengan baik. Pastikan untuk memberi mereka cukup air, tetapi jangan terlalu banyak karena terlalu banyak air bisa menyebabkan umbinya membusuk. Setelah bawang merah matang, mereka bisa disimpan di tempat yang sejuk dan kering untuk digunakan nanti. Bawang merah bisa digunakan dalam berbagai hidangan, termasuk saus, sup, dan tumisan.",,
,,,"4. Pilih lokasi yang ideal. 
Bawang tidak terlalu memilih tempat, tetapi butuh ruang yang lapang dan sinar matahari penuh. Pilih varietas bawang yang tepat untuk wilayah tempat Anda tinggal dan berikan pupuk tambahan secara teratur. Jangan terlalu sering memindahkan atau menggali umbi sebelum waktunya. Bawang bisa ditanam di dalam ruangan dengan pot yang cukup besar dan terkena sinar matahari langsung.",,
,,,"5. Siapkan tanahnya.
Untuk menyiapkan tanah untuk menanam bawang, sebaiknya mulai mengolah dan menambahkan pupuk di musim gugur. Jika tanah memiliki banyak batu, pasir, atau tanah liat, campurkan dengan tanah pot. Ujilah pH tanah dan tambahkan senyawa yang diperlukan agar pH tanah berada di kisaran 6-7,5. Setelah tanah disiapkan, buat bedengan dengan lebar 30-45 cm dan jarak antar bedengan 60-90 cm. Tanam biji atau bibit bawang setelah risiko beku berlalu. Pastikan untuk menyiram tanaman secara teratur dan memberikan pupuk tambahan setiap beberapa minggu.",,
,,,,,
,,Tahap 2: menanam bawang,"1. Siapkan tanahnya.
Untuk menanam bawang, olah tanah dengan kedalaman 15,2 cm dan tambahkan pupuk fosfor. Buat lubang tanam dengan jarak 10-15 cm dan kedalaman 2,5-5 cm. Pastikan bibit bawang ditanam dengan benar dan diberi ruang yang cukup. Selama pertumbuhan, berikan pupuk tambahan setiap beberapa minggu. Potong bunga bawang untuk mendorong pertumbuhan umbi yang lebih besar dan bersihkan gulma atau dedaunan yang tidak diinginkan. Panen bawang ketika mencapai ukuran yang diinginkan dan biarkan mengering sebelum disimpan di tempat yang sejuk dan kering.",,
,,,"2. Gali lubangnya.
anamlah umbi atau biji bawang dengan kedalaman tidak lebih dari 2,5 cm dari permukaan tanah; jika terlalu banyak umbi yang ditanam, pertumbuhan bawang akan berkurang dan menyempit. Tanamlah umbi bawang dengan jarak 10,2-15,2 cm, dan biji bawang dengan jarak 2,5-5,1 cm. Ketika bawang mulai tumbuh, Anda dapat memindahkan mereka dan memberi jarak tanam yang lebih jauh untuk meningkatkan ukuran pertumbuhan mereka.",,
,,,"3. Tanam bawangnya
Pastikan untuk menyiram tanaman secara teratur dan memberikan pupuk tambahan setiap beberapa minggu untuk membantu pertumbuhannya. Jika bawang mulai tumbuh bunga, potonglah bunga tersebut untuk mendorong pertumbuhan umbi yang lebih besar. Setelah bawang mencapai ukuran yang diinginkan, Anda bisa memanen umbinya. Potong tangkai bawang dan biarkan umbinya mengering selama beberapa hari sebelum disimpan di tempat yang sejuk dan kering. Dengan perawatan yang tepat, Anda bisa memperoleh bawang yang segar dan lezat dari kebun Anda sendiri.",,
,,,"4. Jagalah media tanam bawang Anda.
Anda juga dapat memotong daun bawang setiap kali Anda membutuhkannya, tetapi pastikan untuk tidak memotong lebih dari sepertiga dari daunnya agar tanaman tetap sehat dan dapat terus tumbuh dengan baik. Selain itu, pastikan untuk memanen bawang Anda pada waktu yang tepat, yaitu ketika daunnya mulai menguning dan layu. Gali bawang dengan hati-hati dan biarkan mereka mengering di bawah sinar matahari selama beberapa hari sebelum menyimpannya di tempat yang kering dan sejuk. Dengan mengikuti tips ini, Anda dapat menumbuhkan bawang yang sehat dan lezat di kebun Anda sendiri.",,
,,,"5. Panen bawang Anda
Jika Anda ingin menyimpan bawang Anda untuk jangka waktu yang lebih lama, Anda dapat mempertimbangkan untuk mengeringkannya dengan menggunakan oven atau pengering bawang. Namun, pastikan untuk mengikuti petunjuk pengeringan yang benar agar bawang Anda tidak terbakar atau menjadi terlalu kering. Selain itu, pastikan juga untuk menyimpan bawang Anda di tempat yang sejuk, kering, dan gelap untuk mempertahankan kualitasnya. Dengan mengikuti tips ini, Anda dapat menyimpan bawang Anda dengan baik dan menikmatinya dalam waktu yang lama.",,
,,,,,
Timun,Cucumis sativus,Tahap 1: Tahap Persiapan,"1. Tunggu sampai tanah menghangat.
Mentimun sensitif pada suhu dingin, sebaiknya ditanam di bulan April atau Mei setelah cuaca mulai hangat. Tunggu dua minggu setelah tanggal cuaca terdingin terakhir dan pastikan suhu tanah minimal 18,2 derajat Celcius. Mentimun membutuhkan drainase yang baik dan setidaknya 6-8 jam sinar matahari setiap hari. Berikan pupuk organik dan cukup air, tapi jangan terlalu banyak. Jaga tanaman tetap sehat dengan memangkas daun mati dan membuang buah yang rusak. Pertimbangkan menanam varietas mentimun yang tahan terhadap cuaca dingin atau menggunakan penutup tanaman untuk melindungi dari cuaca buruk.",,
,,,"2. Pilihlah lokasi yang disinari matahari.
Selain itu, mentimun juga membutuhkan air yang cukup untuk tumbuh dengan baik. Pastikan tanah tempat mentimun ditanam memiliki drainase yang baik agar tidak tergenang air dan mengakibatkan kerusakan pada akar mentimun. Saat menanam, berikan pupuk organik ke tanah dan pastikan untuk menyediakan cukup air untuk mentimun Anda. Namun, jangan terlalu banyak memberikan air, karena kelebihan air dapat menyebabkan akar mentimun membusuk dan tanaman mati.
Saat mentimun tumbuh, pastikan untuk memangkas daun yang mati atau rusak dan membuang buah mentimun yang busuk atau rusak. Ini akan membantu menjaga tanaman tetap sehat dan produktif. Jika Anda ingin memperpanjang musim panen mentimun Anda, pertimbangkan untuk menanam varietas mentimun yang tahan terhadap cuaca dingin atau menggunakan penutup tanaman untuk melindungi tanaman dari embun beku atau cuaca dingin. Dengan mengikuti tips ini, Anda dapat menanam mentimun yang sehat dan lezat di kebun Anda sendiri.",,
,,,"3. Buang semua rumput liar.
Gali rumput liar dari kebun Anda sebelum menanam mentimun. Selain tidak sedap dipandang, rumput liar juga menyerap nutrisi berharga yang terkandung dalam tanah. Untuk hasil terbaik, cabut rumput liar dengan tangan dan tarik akar sebanyak mungkin. Jika akarnya dibiarkan, kemungkinan besar rumput liar akan kembali tumbuh. Hindari penggunaan herbisida. Bahan kimia dan herbisida organik dapat mengurangi kualitas tanah untuk ditumbuhi tanaman, termasuk mentimun.",,
,,,"4. Beri pupuk pada tanah. 
Selain itu, jangan lupa untuk memperhatikan jarak tanam mentimun. Pastikan untuk menanam mentimun dengan jarak yang cukup agar tidak saling berdesakan dan mengganggu pertumbuhan satu sama lain. Jika Anda menanam mentimun secara vertikal, pastikan untuk memberikan dukungan yang cukup agar tanaman tetap stabil dan tidak roboh.
Saat mentimun tumbuh, pastikan untuk memeriksa tanaman secara teratur dan mengambil tindakan jika ada tanda-tanda serangan hama atau penyakit. Jika diperlukan, gunakan pestisida organik atau kimia dengan dosis yang tepat untuk mengendalikan hama dan penyakit tanaman.
Terakhir, panen mentimun Anda saat sudah matang dengan memotong tangkainya dengan pisau atau gunting. Jangan menarik mentimun dari tanah karena dapat merusak akar dan tanaman. Simpan mentimun Anda di tempat yang sejuk dan kering untuk menjaga kualitasnya. Dengan mengikuti tips ini, Anda dapat menanam mentimun yang sehat dan lezat di kebun Anda sendiri.",,
,,,"5. Seimbangkan pH tanah Anda. 
Idealnya, pH tanah harus netral atau mengandung sedikit alkalin. Dengan demikian, pH tanah seharusnya berada sedekat mungkin ke angka 7.
Uji pH tanah dengan alat tes pH yang bisa dibeli di toko perkebunan dan swalayan.
Jika pH tanah perlu dinaikkan, berikan Kaptan atau kapur pertanian.
Jika pH tanah perlu diturunkan, gunakan sulfur atau aluminium sulfat.",,
,,,"6. Tingkatkan kualitas tanah.
Jika tanah terlalu padat atau berpasir, mentimun akan sulit menumbuhkan akarnya sehingga kemungkinan mati atau paling tidak tidak menghasilkan mentimun yang bisa dimakan.
Tanah yang ideal untuk mentimun yaitu gembur, ringan, dan berpasir,karena tanah ini lebih cepat dan tidak gampang dingin.
Tingkatkan kualitas tanah liat dengan menambahkan bahan organik. Tingkatkan tanah padat dan berat dengan gambut, kompos, atau kotoran yang membusuk.",,
,,,,,
,,Tahap 2: Tahap Penanaman,"1. Pilihlah varietas terbaik untuk kebun Anda.
Ada dua varietas mentimun yaitu sulur dan semak. Varian sulur lebih umum, sedangkan semak lebih mudah dirawat dalam ruangan terbatas. Ada juga varian slicing atau pickling. Varian slicing seperti burpless, marketmore 76, dan straight 8, sedangkan varian semak seperti the bush crop, fanfare, dan salad bush. Varian pickling seperti the bush pickle dan the Carolina, yang kedua harus diperlakukan sebagai tanaman sulur.",,
,,,"2. Mulailah dari benih.
Setelah memindahkan bibit mentimun ke tanah, pastikan untuk memberikan air yang cukup dan jangan terlalu sering memberi pupuk agar akar dapat menyebar dengan baik. Jangan lupa untuk memberikan dukungan yang cukup agar tanaman tetap stabil dan tidak roboh. Jika mentimun tumbuh dengan baik, pastikan untuk memeriksa tanaman secara teratur dan mengambil tindakan jika ada tanda-tanda serangan hama atau penyakit. Terakhir, panen mentimun Anda saat sudah matang dengan memotong tangkainya dengan pisau atau gunting. Dengan mengikuti tips ini, Anda dapat menanam mentimun yang sehat dan lezat di kebun Anda sendiri.",,
,,,"3. Lembapkan tanah.
Gunakan penyiram tanaman atau selang untuk membasahi tanah sebelum bibit ditanamkan.
Cukupnya kelembapan sangat penting pada semua tahap pertumbuhan mentimun. Basahi tanah sebelum benih ditanam untuk mencegah benih hanyut karena tekanan air.
Jika tanah benar-benar kering, tambahkan sekitar 2,5 cm air ke tanah menggunakan penyiram tanaman atau selang.",,
,,,"4. Tekan benih masuk ke dalam tanah.
Pastikan untuk menyiram tanaman secara teratur dan memberikan pupuk dalam dosis yang tepat sesuai dengan petunjuk pada kemasan. Jangan terlalu banyak memberikan air, karena kelebihan air dapat menyebabkan akar mentimun membusuk dan tanaman mati.
Saat mentimun tumbuh, pastikan untuk memangkas daun yang mati atau rusak dan membuang buah mentimun yang busuk atau rusak. Ini akan membantu menjaga tanaman tetap sehat dan produktif.
Jika Anda ingin memperpanjang musim panen mentimun Anda, pertimbangkan untuk menanam varietas mentimun yang tahan terhadap cuaca dingin atau menggunakan penutup tanaman untuk melindungi tanaman dari embun beku atau cuaca dingin. Dengan mengikuti tips ini, Anda dapat menanam mentimun yang sehat dan lezat di kebun Anda sendiri.",,
,,,"5. Persiapkan terali
Sebagian besar mentimun, terutama varietas sulur, akan membutuhkan penyangga vertikal saat bertumbuh. Siapkanlah setelah menanam benih supaya Anda tidak repot di kemudian hari.
Mentimun akan tumbuh secara horizontal, tetapi jika ditumbuhkan secara vertikal aliran udara dan paparan sinar matahari pada tanaman akan meningkat sehingga hasil panen nanti akan bagus.
Anda bisa menggunakan terali kandang, tongkat, pagar, atau hampir semua benda vertikal lain.
Pandu sulur ke terali Anda. Seiring pertumbuhan tanaman, pandulah sulur ke terali dengan melilitkan sulur mentimun secara hati-hati di sepanjang terali.
",,
,,,,,
,,Tahap 3: Tahap Perawatan dan Pemanenan,"1. Tambahkan mulsa ketika tunas telah tumbuh. 
Menutupi tanah dengan mulsa akan membatasi jumlah rumput liar penyerap nutrisi tanah yang dapat kembali sembari menjaga tanah tetap hangat dan sesuai untuk mentimun.
Mulsa organik, contohnya jerami dan serpihan kayu, harus diberikan setelah tunas tumbuh dan tanah telah cukup hangat. Mulsa plastik secara teknis dapat diberikan segera setelah menanam benih.
Mulsa gelap sangat baik dalam menjaga kelembapan dan kehangatan tanah.",,
,,,"2. Beri air secara teratur.
Mentimun membutuhkan banyak kelembapan selama seluruh siklus hidupnya.
Siram sedikitnya setiap minggu menggunakan selang atau penyiram tanaman. Berikan air sampai sedikitnya 2,5 cm setiap kalinya.
Jika tidak, pasanglah sistem irigasi tetes untuk mengatur aliran air supaya lebih konsisten. Hal ini sangat menguntungkan karena dapat menjaga dedaunan tetap kering dan membatasi risiko penyakit dari jamur.
Perlu dicatat bahwa kelembapan yang cukup sangat penting ketika buah sudah mulai muncul.",,
,,,"3. Beri pupuk setiap dua minggu.
Gunakan pupuk cair ringan setiap dua minggu untuk menjaga kualitas tanah yang baik bagi tanaman mentimun. Hindari memberikan pupuk buatan pada daun atau buah mentimun. Jika tanah telah dipupuki sebelum menanam mentimun, ulangi ketika tunas muncul pada sulur dan kuncup bunga mulai muncul. Jangan terlalu banyak memberikan pupuk karena bisa menghambat pertumbuhan buah dan mengurangi hasil panen.",,
,,,"4. Lindungi tanaman dengan jaring. 
Mencegah hama pada tanaman mentimun dengan menggunakan jaring dan pagar. Jaring harus kuat dan digunakan pada tahap awal penanaman untuk menghindari hewan kecil merusak benih dan tunas. Tanaman juga bisa ditutupi dengan keranjang kecil. Jaring harus dilepas ketika tanaman sudah terlalu tinggi atau besar.",,
,,,"5. Awasi tanaman dari hama dan penyakit.
Untuk membasmi serangga dan jamur pada tanaman mentimun, bisa menggunakan insektisida atau fungisida organik. Hama-hama yang perlu diawasi antara lain kumbang mentimun, lalat putih, kutu aphid, dan spider mite. Penyakit umum yang perlu diawasi antara lain bacterial wilt, mosaic virus, anthraknosa, downy mildew, powdery mildew, dan penyakit koreng.",,
,,,"6. Panenlah mentimun ketika masih muda.
Buah mentimun ukurannya kira-kira sepanjang 15,24-20,32 cm. Buah mentimun biasanya juga dapat dicabut dari sulur tanpa menggukan sabit.
Mentimun Pickling biasanya dipanen ketika panjangnya 5 cm dan mentimun dil dipanen ketika panjangnya 10-15,24 cm.
Mentimun yang terlalu besar dan menguning rasanya bisa agak pahit. Jangan pernah biarkan buah mentimun sampai berwarna kuning di sulur.
Pada masa puncak panen, Anda mungkin akan memanen mentimun sampai beberapa hari sekali.",,
Teh,Camellia sinensis.,1. Menyiapkan Biji,"1. beli biji Camellia sinensis untuk hasil terbaik. Tanaman teh memiliki dua jenis utama. Sinensis disarankan karena tanaman ini kuat dan Anda bisa membuat teh hitam, hijau, dan putih dari daunnya. Anda bisa membeli bijinya dari kebun bibit setempat atau dari internet",,
,,,"2. Tanamlah teh dalam bentuk anakan kalau Anda ingin langsung melompat ke proses pertumbuhan. Anda juga memiliki pilihan untuk menyetek batang dari tanaman yang sudah ada atau membeli anakan dari kebun bibit. Pilih opsi ini kalau tidak ingin melewati proses perkecambahan biji. Kalau Anda memilih untuk menanam teh dari anakan atau setek, tanaman harus dirawat di dalam ruangan selama setahun sebelum dipindahkan ke luar",,
,,,3. Rendam biji. Masukkan biji teh ke dalam mangkuk atau wadah berisi air. Pastikan airnya cukup banyak supaya biji terendam sepenuhnya. Rendamlah selama 24-48 jam. Perendaman akan membantu biji menyerap air sehingga mempercepat proses perkecambahan,,
,,,"4. Pindahkan biji teh ke dalam wadah berisi vermikulit, letakkan 2-3 biji per wadah, dan simpan di tempat yang hangat dan terang. Tutup dengan vermikulit kasar dan biarkan biji berkecambah selama 6-8 minggu sebelum menanamnya.",,
,,,"5. Jaga agar vermikulit tetap lembap. Selama 6-8 minggu, periksa vermikulit setiap hari untuk melihat tingkat kelembapannya. Kalau kering, siramlah. Namun, jangan sampai becek. Media tanam harus tetap lembap sepanjang waktu",,
,,,"6. Pastikan biji sudah berkecambah dengan sempurna. Setelah 6-8 minggu, periksa apakah biji teh sudah berkecambah. Biji yang sudah berkecambah akan menumbuhkan akar-akar kecil dan sepasang daun. Setiap biji berkecambah dengan kecepatan yang berbeda.",,
,,2. Menanam Pohon Teh,"1. Pisahkan dan tanam anakan teh di dalam pot terpisah dengan tanah asam yang memiliki pH ideal sekitar 6-6,5. Letakkan pot di tempat hangat dan teduh, dan pastikan tanah tetap lembap dengan menyemprotkannya secara teratur. Uji pH tanah dan tambahkan unsur-unsur seperti belerang dan daun pinus untuk membuatnya lebih asam jika perlu.",,
,,,"2. Tanam teh pada musim hujan untuk hasil terbaik, dan pastikan tanaman tidak terkena cuaca beku. Di daerah subtropis dan tropis, teh dapat ditanam kapan saja.",,
,,,3. Pindahkan teh ke pot besar atau tanam di kebun setelah mencapai tinggi 20 cm. Tanah harus sedikit asam dan drainase yang baik. Letakkan di tempat yang sebagian terang dan teduh dengan paparan sinar matahari minimal 6 jam sehari.,,
,,,"4. Siram teh setiap hari dengan air lunak dan pastikan tanah lembap tetapi tidak becek. Jika tanaman tampak kurang subur, berikan pupuk ericaceous di sekitar tanaman.",,
,,,"5. Tunggu beberapa tahun sampai tanaman dewasa. Butuh waktu sekitar tiga tahun sampai pohon teh menjadi dewasa. Artinya, Anda tidak bisa memanen daunnya sebelum itu. Setelah pohon teh mencapai tinggi sekitar 1 meter, daunnya siap dipanen.",,
,,3. Memanen Daun Teh,"1. Petik 2-3 daun berwarna hijau cerah. Setelah tanaman mencapai tinggi sekitar 1 meter, daunnya siap dipanen. Biasanya, dedaunan akan tumbuh lebih lebat pada musim hujan dibandingkan musim kemarau. Untuk memanennya, gunakan jari dan jempol untuk memetik 3-4 daun berwarna hijau cerah. Daun hijau ini siap untuk dijadikan minuman teh",,
,,,2. Panenlah beberapa kali sepanjang musim. Daun teh bisa dipanen berkali-kali sepanjang musim. Petik saja kapan pun Anda melihat beberapa daun hijau cerah muncul untuk membantu tanaman tumbuh lebih cepat.,,
,,,"3. Petik daun muda yang belum terbuka untuk teh putih. Jemur di bawah sinar matahari, sangrai, dan simpan dalam wadah kedap udara.",,
,,,"4. Buat teh hijau dengan cara menjemur dan menyangrai daun teh, lalu panggang selama 20 menit pada suhu 120 °C. Simpan di wadah kedap udara. Untuk membuat teh hijau menggunakan rice cooker, masukkan kertas penyerap air dan biarkan daun teh dipanaskan selama 3-4 jam.",,
,,,"5. Buat teh hitam dengan cara menggiling dan mengeringkan daun, lalu jerang atau simpan di wadah kedap udara. Sebagai alternatif, panggang dalam oven selama 20 menit pada suhu 120 °C.",,
,,,"6. Olah daun segar menjadi teh oolong dengan menjemurnya, diamkan, dan keringkan di dalam oven. Simpan di wadah kedap udara agar tetap kering dan tahan lama.",,
,,,7. Buat teh dengan menyeduh daun teh dalam kantong teh atau saringan selama 3 menit. Tambahkan pemanis jika diinginkan. Anda juga bisa mencampurkan dengan herba seperti lavendel untuk rasa floral.,,
Sawi,Brassica juncea,1. Menanam Sawi,"1. Tentukan apakah area cukup hangat untuk menanam sawi. Tanaman ini kuat dan dapat bertahan selama musim dingin pada Zona 7 dan lebih tinggi. Pada iklim yang lebih dingin, Anda dapat menanam benih pada awal musim semi dan memanennya selama musim gugur.",,
,,,"2. Belilah bibit sawi, Untuk membeli benih sawi, jika tidak tersedia di toko benih lokal, Anda dapat memesannya dari perusahaan benih melalui katalog atau daring. Pilihlah jenis benih seperti Tokyo Bekana dan Komatsuna yang cocok untuk ditanam di dalam pot kebun dan digunakan pada salad.",,
,,,"3. Gunakan tanah dengan pH antara 6 dan 6,5 atau potting mix saat menanam benih sawi. Pastikan tanah gembur di dalam wadah besar dan campurkan pupuk kompos sebelum menanam untuk meningkatkan kualitas tanah.",,
,,,"4. Tanam benih sawi dengan jarak sekitar 0,3 m dalam media tanam, dengan kedalaman 5 mm hingga 1 cm. Tanam beberapa benih dalam kelompok per pot dan pertahankan tanaman yang paling kuat. Sawi juga dapat ditanam di pinggiran kebun, kotak jendela, sisi jalan, atau area tanam bunga.",,
,,,"5. Tanam benih pada bulan Februari jika Anda dapat menutupi dan menjaganya dengan pelindung. Sawi dapat bertahan saat musim dingin, dan iklim yang sedikit dingin dapat membuat rasanya lebih manis.",,
,,,"6. Lanjutkan menanam barisan pendek benih setiap tiga minggu untuk memastikan panen yang berkelanjutan. Benih akan bertunas dalam tujuh hingga 10 hari. Jika musim panas terasa sangat panas, hentikan menanam dan lanjutkan kembali pada musim gugur.",,
,,2. Menumbuhkan Sawi,"1. Letakkan wadah atau media tanam di bawah matahari untuk mempercepat pertunasan. Lindungi tanaman jika cuaca terlalu panas, karena sawi dapat menjadi prematur pada cuaca yang panas.",,
,,,"2. Jaga kelembapan tanah. Anda mungkin perlu untuk menyiram wadah setiap hari atau setiap beberapa hari. Jika tanah mengering, benih juga akan menjadi kering.",,
,,,3. Siangi tanah secara terus-menerus. Sawi tidak dapat tumbuh bersama dengan tanaman lain.,,
,,,"4. Pindahkan tanaman ke area yang lebih dingin jika cuaca menjadi sangat panas. Tanaman akan menjadi prematur pada cuaca yang kering atau sangat panas.
",,
,,3. Memanen Sawi,"1. Panenlah dengan memotong beberapa daun terluar dari tanaman. Jangan memotong semua daun sekaligus. Semakin besar daun, semakin pahit rasanya.",,
,,,2. Ambil semua sawi dan masukkan ke dalam kulkas jika Anda ingin agar sawi lebih awet.,,
Kentanf,Solanum tuberosum,1. Menanam Kentang,1. Waktu yang tepat untuk menanam kentang di Indonesia adalah di dataran tinggi dengan suhu antara 14-22 derajat Celsius. Kentang lebih cocok ditanam pada musim kemarau untuk menghindari suhu udara yang tinggi dan curah hujan yang tinggi yang dapat menyebabkan masalah pada pertumbuhan dan pembentukan umbi.,,
,,,"2. Pilihlah tempat yang banyak mendapat sinar matahari. Meskipun kentang lebih suka lingkungan yang sejuk, tanaman ini juga suka sinar matahari dan akan tumbuh subur di tempat yang mendapat sinar matahari selama beberapa jam setiap hari. Anda boleh menanam kentang di mana pun Anda suka, seperti langsung di tanah atau bak tanaman",,
,,,"3. Siapkan lahannya. Lahan terbaik untuk menanam kentang adalah lahan yang gembur dan sedikit asam. pH ideal lahan untuk menanam kentang adalah 5,0-7,0. Anda bisa meningkatkan keasaman lahan dengan memberi pupuk kandang, pupuk kompos, atau pupuk berkalium tinggi.",,
,,,"4. Untuk menanam kentang, semai bijinya dan biarkan bertunas di tempat yang terkena cahaya dengan suhu antara 15-21 derajat Celsius selama dua minggu sebelum menanam. Gunakan umbi kentang yang kecil dan sehat sebagai biji, dan jika ukurannya besar, Anda dapat membelahnya menjadi dua atau tiga bagian dengan minimal dua mata atau tunas pada setiap bagian. Pastikan umbi kentang yang digunakan belum disemprot dengan inhibitor tunas agar tunas dapat terbentuk dengan baik.",,
,,,"5. Buat lajur garitan pada lahan. Setelah kentang bertunas dan siap ditanam, gunakan sekop atau garu untuk membuat parit sedalam 10 cm pada bak tanaman. Lajur garitan ini seharusnya cukup dalam untuk kentang dan berjarak sekitar 90 cm satu sama lain. ",,
,,,"6. Tanam bibit kentang. Letakkan bibit kentang langsung pada garitan dengan mengarahkan tunasnya ke atas. Beri jarak antarbibit sejauh 30 cm. Setelah mengisi satu lajur garitan dengan bibit kentang, tutupi permukaannya dengan 10 cm tanah.",,
,,2. Merawat kentang,"1. Sirami kentang secara teratur untuk menjaga kelembapan tanah tetapi hindari genangan air. Pastikan kentang menerima sekitar 5 cm air setiap minggu, terutama saat berbunga, dan berhenti menyirami saat daunnya kuning dan layu sebagai tanda kentang siap dipanen.",,
,,,"2. Tambahkan tanah di sekitar dasar tanaman kentang saat tumbuh, terutama setelah mencapai tinggi 15 cm, untuk membentuk gundukan tanah yang mencegah paparan sinar matahari dan mendukung pertumbuhan tanaman. Hindari paparan sinar matahari yang dapat menyebabkan pembentukan senyawa beracun, seperti solanin, dengan mencegah lapisan hijau pada umbi kentang.",,
,,,3. Basmi gulma di kebun kentang secara teratur. Kentang akan tumbuh lebih subur jika tidak harus bersaing dengan gulma. Cabut atau tariklah gulma yang tumbuh di bak tanaman agar kentang bisa mendapatkan seluruh nutrisi yang dibutuhkan.,,
,,3. Menyimpan dan Menyimpan Kentang,"1. Panen kentang baru setelah berhenti berbunga dan tunggu selama 2 minggu setelah berhenti berbunga sebelum menggali umbinya dari tanah. Kentang baru memiliki ukuran lebih kecil dan kulit yang lebih halus daripada kentang dewasa, sering kali dipanen untuk memberi ruang bagi kentang lain tumbuh dewasa.",,
,,,"2. Pangkas dedaunan kentang yang menguning dan berubah menjadi cokelat saat mulai mati dengan gunting kebun. Setelah daun mati, tunggu selama 2 minggu sebelum memanen umbi kentang.",,
,,,3. Gali umbi kentang dari tanah setelah semua daun kentang mati dan menunggu selama 2 minggu untuk kentang dewasa. Gunakan cangkul atau sekop kecil secara hati-hati saat menggali agar kentang tidak terluka. Waktu panen kentang tergantung pada varietasnya dan biasanya berlangsung antara 60-100 hari setelah penanaman.,,
,,,"4. Untuk mengawetkan kentang, segera setelah menggali kentang, letakkan mereka di tempat yang sejuk, kering, teduh, dan memiliki ventilasi yang baik seperti garasi atau beranda yang teduh. Biarkan kentang di sana selama minimal 3 hari hingga 2 minggu agar kulitnya matang dan dapat disimpan lebih lama. Hindari mengawetkan kentang baru karena sebaiknya kentang tersebut dikonsumsi dalam beberapa hari setelah dipanen.",,
,,,"5. Setelah mengawetkan kentang, bersihkan sisa tanah dari kulit kentang dengan menggunakan lap atau sikat tanaman, hindari penggunaan air untuk mencucinya. Jangan mencuci kentang hingga siap dikonsumsi.",,
,,,"6. Simpan kentang yang telah diawetkan dan dibersihkan di tempat yang sejuk, kering, dan gelap seperti dalam karung atau kantong kertas. Letakkan kentang di gudang atau tempat yang terlindungi dari cahaya, panas, dan kelembapan dengan suhu ideal sekitar 2-4°C. Dengan cara ini, kentang dapat bertahan selama beberapa bulan.",,
Wortel ,Daucus carota,1. Memilih varietas,"1. Pilih varietas wortel yang sesuai dengan ukuran dan bentuk akar yang cocok untuk tanah Anda. Ada lima kategori utama wortel, yaitu Chantenay (tumbuh 12-15 cm, cocok untuk berbagai jenis tanah), tipe bola (mirip Chantenay tetapi tidak tumbuh dalam waktu lama), Danvers (bentuk besar, tanah padat), Nantes (silinder dengan ujung bulat, tanah subur dan dangkal), dan Imperator (panjang dengan akar kecil, tanah dalam, subur, sejuk, dan memiliki saluran air yang baik).",,
,,,"2. Pilih jenis bibit wortel yang telah dilapisi tanah liat untuk mempertahankan kelembapan selama perkecambahan dan memudahkan proses tumbuh. Bibit dengan lapisan tanah liat juga memungkinkan Anda mengontrol jarak tanam dengan lebih baik, mencegah tumbuhan menjadi kurus dalam proses pertumbuhannya.",,
,,2. Memeriksa area kebun,"1. Pilih area dengan jangkauan sinar matahari yang baik. Meskipun wortel akan tumbuh sempurna jika banyak disinari sinar matahari, namun wortel hidup pula dalam tempat yang teduh karena mereka adalah tanaman cuaca dingin.",,
,,,2. Pastikan tanah dapat dilonggarkan dengan menggunakan sekop dan menghilangkan batu atau tanah yang keras. Anda mungkin perlu membangun gundukan tanah menggunakan kayu cedar untuk menanam wortel agar tanah tetap padat dan tidak hancur ketika basah.,,
,,,"3. Periksa pH tanah Anda. Wortel menyukai tanah yang sedikit asam dengan pH antara 5,8 dan 6,8. Kantor penyuluhan pertanian lokal Anda harus memiliki formulir pengujian tanah, dan instruksi yang tersedia",,
,,,"4. Pupuk tanah dengan pupuk kandang, kompos, atau pupuk organik lainnya. Campurkan semuanya sekitar empat inci pupuk organik ke dalam tanah Anda. Ini akan membantu bibit berkecambah di tanah dan mendukung proses produksi.",,
,,3. menanam wortel,"1. Taburkan bibit wortel secara bertahap selama beberapa minggu sebelum musim semi terakhir karena wortel menyukai iklim yang sejuk. Pastikan tanah Anda telah dibajak dan gembur sebelum menanam, atau Anda dapat mencoba menumbuhkan wortel dalam pot dengan pot yang cukup dalam.",,
,,,"2. Sebarkan bibit secara acak atau berjajar. Jika penanaman secara berjajar, berikan ruang bibit sekitar sepuluh sentimeter secara terpisah dalam lubang yang dalamnya satu hingga 5 cm. Anda dapat menggunakan jari Anda untuk membuat lubang ke dalam tanah yang gembur. Tempatkan sekitar enam bibit pada setiap lubang.",,
,,,"3. Kubur bibit sekitar 1,3 cm pada tanah yang subur. Anda dapat menggunakan kompos, penanaman campuran tanah, dan bahkan campuran sedikit pasir, terutama di daerah yang lebih hangat. Pasir akan membantu dan mendukung bibit pertumbuhan.",,
,,,"4. Periksa bibit Anda. Bibit akan memakan waktu sekitar 1-3 minggu untuk tumbuh tergantung pada suhu tanah. Semakin dingin tanah, semakin lama bibit melakukan perkecambahan.",,
,,,"5. Periksa saluran air setelah menanam wortel. Bibit bersifat ringan, rapuh dan mudah hanyut jika Anda air terlalu banyak atau terlalu keras.",,
,,,"6. Bersihkan lahan tanam dengan garu. Seminggu setelah wortel ditanam, Anda boleh membersihkan lahannya perlahan-lahan untuk mencegah pertumbuhan gulma. Langkah ini akan bermanfaat untuk menghambat gulma berakar. Namun, berhati-hatilah saat membersihkan lahan dan gerakkan garu secara tegak lurus dengan alur tanaman. Dengan begitu, bibit wortel tidak akan rusak.",,
,,4. merawat tanaman wortel,"1. Jaga kelembapan tanah sepanjang waktu. Jika Anda berada di iklim yang panas, berarti anda harus menyiram tanaman wortel sepanjang hari. Dan pastikan untuk tidak menyiram bibit yang rapuh yang dapat mengganggu tumbuhnya bibit jika tekanan air terlalu kencang. Gunakan kaleng penyiram dengan corot yang halus, jangan menggunakan selang yang keras.",,
,,,"2. Gunakan mulsa seperti daun, kulit kayu, atau jerami di sekitar bibit wortel untuk menjaga kelembapan. Perhatikan untuk merawat mulsa dengan mencabut rumput liar secara perlahan agar tidak mengganggu akar wortel dan pastikan bagian wortel yang mulai tumbuh keluar dari tanah ditutup dengan mulsa untuk menghindari rasa pahit jika dikonsumsi.",,
,,,"3. Pangkas tanaman wortel setelah mencapai tinggi lima sentimeter untuk mengurangi kesesakan dan memberikan ruang yang cukup untuk pertumbuhan dan ekspansi akar. Setelah dua minggu, pangkas lagi tanaman wortel yang telah tumbuh beberapa sentimeter untuk memastikan pertumbuhan yang tegak dan optimal.",,
,,5. panen wortel,"1. Panen wortel saat mahkota sedikit keluar dari tanah dan diameter wortel sekitar 1,9 cm. Tarik wortel dari pangkal daun setelah melonggarkan tanah dengan air untuk menghindari kerusakan akar.",,